train_loss,epoch,step
-0.5067965976438171,0,49
-0.4695273049615194,0,99
-0.45436645475970927,0,149
-0.4781449566925646,0,199
