train_loss,epoch,step
-0.4802621669184042,0,49
-0.47720716844442457,0,99
