train_loss,epoch,step
-0.2801180567063115,0,49
-0.38991886060403225,0,99
-0.4950245247470182,0,149
