train_loss,epoch,step
-0.0704989463620409,0,49
-0.5748202760362542,0,99
-0.3733059470424198,0,149
